<?xml version="1.0" encoding="UTF-8"?>

<settings>
  <setting channel="1" controller="15" command_string="Contrast"/>
  <setting channel="9" controller="13" command_string="HueAdjustmentPurple"/>
  <setting channel="9" controller="29" command_string="SaturationAdjustmentPurple"/>
  <setting channel="5" controller="14" command_string="ResetLuminanceNoiseReductionContrast"/>
  <setting channel="9" controller="45" command_string="LuminanceAdjustmentPurple"/>
  <setting channel="1" controller="13" command_string="Exposure"/>
  <setting channel="9" controller="15" command_string="HueAdjustmentMagenta"/>
  <setting channel="9" controller="31" command_string="SaturationAdjustmentMagenta"/>
  <setting channel="9" controller="47" command_string="LuminanceAdjustmentMagenta"/>
  <setting channel="9" controller="21" command_string="SaturationAdjustmentYellow"/>
  <setting channel="9" controller="37" command_string="LuminanceAdjustmentYellow"/>
  <setting channel="5" controller="6" command_string="ResetSharpenDetail"/>
  <setting channel="9" controller="5" command_string="HueAdjustmentYellow"/>
  <setting channel="9" controller="23" command_string="SaturationAdjustmentGreen"/>
  <setting channel="1" controller="37" command_string="SaturationAdjustment"/>
  <setting channel="9" controller="39" command_string="LuminanceAdjustmentGreen"/>
  <setting channel="9" controller="7" command_string="HueAdjustmentGreen"/>
  <setting channel="9" controller="25" command_string="SaturationAdjustmentAqua"/>
  <setting channel="9" controller="41" command_string="LuminanceAdjustmentAqua"/>
  <setting channel="5" controller="10" command_string="ResetLuminanceSmoothing"/>
  <setting channel="9" controller="9" command_string="HueAdjustmentAqua"/>
  <setting channel="1" controller="12" command_string="ResetTint"/>
  <setting channel="9" controller="14" command_string="ResetHueAdjustmentPurple"/>
  <setting channel="1" controller="28" command_string="ResetVibrance"/>
  <setting channel="9" controller="30" command_string="ResetSaturationAdjustmentPurple"/>
  <setting channel="9" controller="46" command_string="ResetLuminanceAdjustmentPurple"/>
  <setting channel="9" controller="16" command_string="ResetHueAdjustmentMagenta"/>
  <setting channel="9" controller="32" command_string="ResetSaturationAdjustmentMagenta"/>
  <setting channel="5" controller="19" command_string="ColorNoiseReductionSmoothness"/>
  <setting channel="9" controller="48" command_string="ResetLuminanceAdjustmentMagenta"/>
  <setting channel="9" controller="22" command_string="ResetSaturationAdjustmentYellow"/>
  <setting channel="9" controller="38" command_string="ResetLuminanceAdjustmentYellow"/>
  <setting channel="1" controller="4" command_string="WhiteBalanceCloudy"/>
  <setting channel="5" controller="5" command_string="SharpenDetail"/>
  <setting channel="9" controller="6" command_string="ResetHueAdjustmentYellow"/>
  <setting channel="9" controller="24" command_string="ResetSaturationAdjustmentGreen"/>
  <setting channel="9" controller="40" command_string="ResetLuminanceAdjustmentGreen"/>
  <setting channel="1" controller="10" command_string="ResetTemperature"/>
  <setting channel="9" controller="8" command_string="ResetHueAdjustmentGreen"/>
  <setting channel="1" controller="14" command_string="ResetExposure"/>
  <setting channel="9" controller="12" command_string="ResetHueAdjustmentBlue"/>
  <setting channel="1" controller="30" command_string="ResetSaturation"/>
  <setting channel="9" controller="28" command_string="ResetSaturationAdjustmentBlue"/>
  <setting channel="5" controller="15" command_string="ColorNoiseReduction"/>
  <setting channel="9" controller="44" command_string="ResetLuminanceAdjustmentBlue"/>
  <setting channel="9" controller="11" command_string="HueAdjustmentBlue"/>
  <setting channel="9" controller="27" command_string="SaturationAdjustmentBlue"/>
  <setting channel="9" controller="43" command_string="LuminanceAdjustmentBlue"/>
  <setting channel="1" controller="8" command_string="WhiteBalanceFlash"/>
  <setting channel="5" controller="9" command_string="LuminanceSmoothing"/>
  <setting channel="9" controller="10" command_string="ResetHueAdjustmentAqua"/>
  <setting channel="9" controller="26" command_string="ResetSaturationAdjustmentAqua"/>
  <setting channel="9" controller="42" command_string="ResetLuminanceAdjustmentAqua"/>
  <setting channel="9" controller="20" command_string="ResetSaturationAdjustmentOrange"/>
  <setting channel="9" controller="36" command_string="ResetLuminanceAdjustmentOrange"/>
  <setting channel="1" controller="6" command_string="WhiteBalanceTungsten"/>
  <setting channel="9" controller="4" command_string="ResetHueAdjustmentOrange"/>
  <setting channel="9" controller="19" command_string="SaturationAdjustmentOrange"/>
  <setting channel="9" controller="3" command_string="HueAdjustmentOrange"/>
  <setting channel="9" controller="35" command_string="LuminanceAdjustmentOrange"/>
  <setting channel="9" controller="18" command_string="ResetSaturationAdjustmentRed"/>
  <setting channel="1" controller="0" command_string="RevealPanelAdjust"/>
  <setting channel="5" controller="1" command_string="Sharpness"/>
  <setting channel="9" controller="2" command_string="ResetHueAdjustmentRed"/>
  <setting channel="9" controller="34" command_string="ResetLuminanceAdjustmentRed"/>
  <setting channel="5" controller="2" command_string="ResetSharpness"/>
  <setting channel="9" controller="1" command_string="HueAdjustmentRed"/>
  <setting channel="9" controller="17" command_string="SaturationAdjustmentRed"/>
  <setting channel="1" controller="35" command_string="Preset_3"/>
  <setting channel="9" controller="33" command_string="LuminanceAdjustmentRed"/>
  <setting channel="4" controller="10" command_string="ResetGrayMixerAqua"/>
  <setting channel="8" controller="9" command_string="PostCropVignetteFeather"/>
  <setting channel="8" controller="8" command_string="ResetPostCropVignetteRoundness"/>
  <setting channel="8" controller="7" command_string="PostCropVignetteRoundness"/>
  <setting channel="8" controller="22" command_string="PostCropVignetteStylePaintOverlay"/>
  <setting channel="4" controller="5" command_string="GrayMixerYellow"/>
  <setting channel="8" controller="6" command_string="ResetPostCropVignetteMidpoint"/>
  <setting channel="8" controller="21" command_string="PostCropVignetteStyleColorPriority"/>
  <setting channel="4" controller="6" command_string="ResetGrayMixerYellow"/>
  <setting channel="8" controller="5" command_string="PostCropVignetteMidpoint"/>
  <setting channel="8" controller="20" command_string="ResetDehaze"/>
  <setting channel="16" controller="2" command_string="Undo"/>
  <setting channel="8" controller="4" command_string="ResetPostCropVignetteAmount"/>
  <setting channel="8" controller="19" command_string="Dehaze"/>
  <setting channel="8" controller="3" command_string="PostCropVignetteAmount"/>
  <setting channel="8" controller="18" command_string="ResetGrainFrequency"/>
  <setting channel="8" controller="17" command_string="GrainFrequency"/>
  <setting channel="8" controller="16" command_string="ResetGrainSize"/>
  <setting channel="8" controller="15" command_string="GrainSize"/>
  <setting channel="8" controller="14" command_string="ResetGrainAmount"/>
  <setting channel="8" controller="13" command_string="GrainAmount"/>
  <setting channel="8" controller="12" command_string="ResetPostCropVignetteHighlightContrast"/>
  <setting channel="12" controller="10" command_string="Resetlocal_Temperature"/>
  <setting channel="8" controller="11" command_string="PostCropVignetteHighlightContrast"/>
  <setting channel="12" controller="11" command_string="local_Tint"/>
  <setting channel="4" controller="9" command_string="GrayMixerAqua"/>
  <setting channel="8" controller="10" command_string="ResetPostCropVignetteFeather"/>
  <setting channel="4" controller="2" command_string="ResetGrayMixerRed"/>
  <setting channel="8" controller="1" command_string="PostCropVignetteStyleHighlightPriority"/>
  <setting channel="16" controller="6" command_string="Next"/>
  <setting channel="8" controller="0" command_string="RevealPanelEffects"/>
  <setting channel="11" controller="10" command_string="ResetstraightenAngle"/>
  <setting channel="3" controller="8" command_string="ResetParametricHighlights"/>
  <setting channel="7" controller="9" command_string="VignetteMidpoint"/>
  <setting channel="3" controller="9" command_string="ParametricLights"/>
  <setting channel="7" controller="8" command_string="ResetVignetteAmount"/>
  <setting channel="7" controller="7" command_string="VignetteAmount"/>
  <setting channel="11" controller="5" command_string="CropBottom"/>
  <setting channel="7" controller="6" command_string="ResetLensManualDistortionAmount"/>
  <setting channel="3" controller="4" command_string="ResetParametricMidtoneSplit"/>
  <setting channel="7" controller="5" command_string="LensManualDistortionAmount"/>
  <setting channel="3" controller="5" command_string="ParametricHighlightSplit"/>
  <setting channel="7" controller="4" command_string="ResetLensProfileVignettingScale"/>
  <setting channel="7" controller="3" command_string="LensProfileVignettingScale"/>
  <setting channel="7" controller="22" command_string="ResetDefringeGreenHueHi"/>
  <setting channel="7" controller="21" command_string="DefringeGreenHueHi"/>
  <setting channel="7" controller="20" command_string="ResetDefringeGreenHueLo"/>
  <setting channel="11" controller="1" command_string="CropLeft"/>
  <setting channel="7" controller="2" command_string="ResetLensProfileDistortionScale"/>
  <setting channel="7" controller="19" command_string="DefringeGreenHueLo"/>
  <setting channel="7" controller="18" command_string="ResetDefringeGreenAmount"/>
  <setting channel="7" controller="17" command_string="DefringeGreenAmount"/>
  <setting channel="7" controller="16" command_string="ResetDefringePurpleHueHi"/>
  <setting channel="7" controller="15" command_string="DefringePurpleHueHi"/>
  <setting channel="7" controller="14" command_string="ResetDefringePurpleHueLo"/>
  <setting channel="7" controller="13" command_string="DefringePurpleHueLo"/>
  <setting channel="7" controller="12" command_string="ResetDefringePurpleAmount"/>
  <setting channel="7" controller="11" command_string="DefringePurpleAmount"/>
  <setting channel="11" controller="9" command_string="straightenAngle"/>
  <setting channel="7" controller="10" command_string="ResetVignetteMidpoint"/>
  <setting channel="3" controller="0" command_string="RevealPanelTone"/>
  <setting channel="7" controller="1" command_string="LensProfileDistortionScale"/>
  <setting channel="3" controller="1" command_string="ParametricShadowSplit"/>
  <setting channel="7" controller="0" command_string="RevealPanelLens"/>
  <setting channel="10" controller="10" command_string="ResetPerspectiveHorizontal"/>
  <setting channel="2" controller="8" command_string="ResetSplitToningShadowHue"/>
  <setting channel="6" controller="9" command_string="ResetRedSaturation"/>
  <setting channel="2" controller="9" command_string="SplitToningShadowSaturation"/>
  <setting channel="6" controller="8" command_string="RedSaturation"/>
  <setting channel="6" controller="7" command_string="ResetRedHue"/>
  <setting channel="10" controller="5" command_string="UprightVertical"/>
  <setting channel="6" controller="6" command_string="RedHue"/>
  <setting channel="10" controller="6" command_string="UprightFull"/>
  <setting channel="2" controller="4" command_string="ResetSplitToningHighlightSaturation"/>
  <setting channel="6" controller="5" command_string="ResetShadowTint"/>
  <setting channel="2" controller="5" command_string="SplitToningBalance"/>
  <setting channel="6" controller="4" command_string="ShadowTint"/>
  <setting channel="6" controller="3" command_string="Preset_9"/>
  <setting channel="10" controller="1" command_string="UprightOff"/>
  <setting channel="6" controller="2" command_string="Preset_8"/>
  <setting channel="6" controller="17" command_string="ResetBlueSaturation"/>
  <setting channel="6" controller="16" command_string="BlueSaturation"/>
  <setting channel="6" controller="15" command_string="ResetBlueHue"/>
  <setting channel="6" controller="14" command_string="BlueHue"/>
  <setting channel="6" controller="13" command_string="ResetGreenSaturation"/>
  <setting channel="6" controller="12" command_string="GreenSaturation"/>
  <setting channel="6" controller="11" command_string="ResetGreenHue"/>
  <setting channel="10" controller="9" command_string="PerspectiveHorizontal"/>
  <setting channel="6" controller="10" command_string="GreenHue"/>
  <setting channel="10" controller="2" command_string="UprightAuto"/>
  <setting channel="2" controller="0" command_string="RevealPanelSplit"/>
  <setting channel="6" controller="1" command_string="Profile_Adobe_Standard"/>
  <setting channel="2" controller="1" command_string="SplitToningHighlightHue"/>
  <setting channel="6" controller="0" command_string="RevealPanelCalibrate"/>
  <setting channel="1" controller="9" command_string="Temperature"/>
  <setting channel="5" controller="8" command_string="ResetSharpenEdgeMasking"/>
  <setting channel="5" controller="7" command_string="SharpenEdgeMasking"/>
  <setting channel="1" controller="5" command_string="WhiteBalanceShade"/>
  <setting channel="5" controller="4" command_string="ResetSharpenRadius"/>
  <setting channel="5" controller="3" command_string="SharpenRadius"/>
  <setting channel="5" controller="20" command_string="ResetColorNoiseReductionSmoothness"/>
  <setting channel="5" controller="18" command_string="ResetColorNoiseReductionDetail"/>
  <setting channel="5" controller="17" command_string="ColorNoiseReductionDetail"/>
  <setting channel="5" controller="16" command_string="ResetColorNoiseReduction"/>
  <setting channel="5" controller="13" command_string="LuminanceNoiseReductionContrast"/>
  <setting channel="5" controller="12" command_string="ResetLuminanceNoiseReductionDetail"/>
  <setting channel="5" controller="11" command_string="LuminanceNoiseReductionDetail"/>
  <setting channel="1" controller="1" command_string="WhiteBalanceAs_Shot"/>
  <setting channel="5" controller="0" command_string="RevealPanelDetail"/>
  <setting channel="4" controller="8" command_string="ResetGrayMixerGreen"/>
  <setting channel="4" controller="7" command_string="GrayMixerGreen"/>
  <setting channel="16" controller="1" command_string="Prev"/>
  <setting channel="4" controller="4" command_string="ResetGrayMixerOrange"/>
  <setting channel="4" controller="3" command_string="GrayMixerOrange"/>
  <setting channel="12" controller="18" command_string="Resetlocal_Highlights"/>
  <setting channel="4" controller="16" command_string="ResetGrayMixerMagenta"/>
  <setting channel="4" controller="15" command_string="GrayMixerMagenta"/>
  <setting channel="4" controller="14" command_string="ResetGrayMixerPurple"/>
  <setting channel="4" controller="13" command_string="GrayMixerPurple"/>
  <setting channel="4" controller="12" command_string="ResetGrayMixerBlue"/>
  <setting channel="12" controller="9" command_string="local_Temperature"/>
  <setting channel="4" controller="11" command_string="GrayMixerBlue"/>
  <setting channel="16" controller="4" command_string="Key2"/>
  <setting channel="4" controller="1" command_string="GrayMixerRed"/>
  <setting channel="16" controller="5" command_string="Key3"/>
  <setting channel="4" controller="0" command_string="RevealPanelMixer"/>
  <setting channel="3" controller="7" command_string="ParametricHighlights"/>
  <setting channel="3" controller="6" command_string="ResetParametricHighlightSplit"/>
  <setting channel="3" controller="3" command_string="ParametricMidtoneSplit"/>
  <setting channel="11" controller="0" command_string="CropOverlay"/>
  <setting channel="3" controller="2" command_string="ResetParametricShadowSplit"/>
  <setting channel="3" controller="17" command_string="PointCurveStrongContrast"/>
  <setting channel="3" controller="16" command_string="PointCurveMediumContrast"/>
  <setting channel="3" controller="15" command_string="PointCurveLinear"/>
  <setting channel="3" controller="14" command_string="ResetParametricShadows"/>
  <setting channel="3" controller="13" command_string="ParametricShadows"/>
  <setting channel="3" controller="12" command_string="ResetParametricDarks"/>
  <setting channel="3" controller="11" command_string="ParametricDarks"/>
  <setting channel="3" controller="10" command_string="ResetParametricLights"/>
  <setting channel="2" controller="7" command_string="SplitToningShadowHue"/>
  <setting channel="10" controller="4" command_string="UprightLevel"/>
  <setting channel="2" controller="6" command_string="ResetSplitToningBalance"/>
  <setting channel="2" controller="3" command_string="SplitToningHighlightSaturation"/>
  <setting channel="10" controller="0" command_string="RevealPanelTransform"/>
  <setting channel="2" controller="2" command_string="ResetSplitToningHighlightHue"/>
  <setting channel="10" controller="8" command_string="ResetPerspectiveVertical"/>
  <setting channel="2" controller="10" command_string="ResetSplitToningShadowSaturation"/>
  <setting channel="16" controller="7" command_string="FullRefresh"/>
  <setting channel="16" controller="3" command_string="Redo"/>
  <setting channel="12" controller="38" command_string="Resetlocal_Defringe"/>
  <setting channel="12" controller="37" command_string="local_Defringe"/>
  <setting channel="12" controller="36" command_string="Resetlocal_Moire"/>
  <setting channel="12" controller="35" command_string="local_Moire"/>
  <setting channel="12" controller="34" command_string="Resetlocal_LuminanceNoise"/>
  <setting channel="12" controller="33" command_string="local_LuminanceNoise"/>
  <setting channel="12" controller="32" command_string="Resetlocal_Sharpness"/>
  <setting channel="12" controller="31" command_string="local_Sharpness"/>
  <setting channel="12" controller="30" command_string="Resetlocal_Saturation"/>
  <setting channel="12" controller="29" command_string="local_Saturation"/>
  <setting channel="12" controller="28" command_string="Resetlocal_Dehaze"/>
  <setting channel="12" controller="27" command_string="local_Dehaze"/>
  <setting channel="12" controller="26" command_string="Resetlocal_Clarity"/>
  <setting channel="12" controller="25" command_string="local_Clarity"/>
  <setting channel="12" controller="24" command_string="Resetlocal_Blacks2012"/>
  <setting channel="12" controller="23" command_string="local_Blacks2012"/>
  <setting channel="12" controller="22" command_string="Resetlocal_Whites2012"/>
  <setting channel="12" controller="21" command_string="local_Whites2012"/>
  <setting channel="12" controller="20" command_string="Resetlocal_Shadows"/>
  <setting channel="12" controller="19" command_string="local_Shadows"/>
  <setting channel="12" controller="17" command_string="local_Highlights"/>
  <setting channel="12" controller="16" command_string="Resetlocal_Contrast"/>
  <setting channel="12" controller="15" command_string="local_Contrast"/>
  <setting channel="12" controller="14" command_string="Resetlocal_Exposure"/>
  <setting channel="12" controller="13" command_string="local_Exposure"/>
  <setting channel="12" controller="12" command_string="Resetlocal_Tint"/>
  <setting channel="11" controller="7" command_string="CropTop"/>
  <setting channel="11" controller="3" command_string="CropRight"/>
  <setting channel="10" controller="7" command_string="PerspectiveVertical"/>
  <setting channel="10" controller="20" command_string="ResetPerspectiveY"/>
  <setting channel="10" controller="19" command_string="PerspectiveY "/>
  <setting channel="10" controller="18" command_string="ResetPerspectiveX"/>
  <setting channel="10" controller="17" command_string="PerspectiveX "/>
  <setting channel="10" controller="16" command_string="ResetPerspectiveScale"/>
  <setting channel="10" controller="15" command_string="PerspectiveScale"/>
  <setting channel="10" controller="14" command_string="ResetPerspectiveAspect"/>
  <setting channel="10" controller="13" command_string="PerspectiveAspect"/>
  <setting channel="10" controller="12" command_string="ResetPerspectiveRotate"/>
  <setting channel="10" controller="11" command_string="PerspectiveRotate"/>
  <setting channel="1" controller="7" command_string="WhiteBalanceFluorescent"/>
  <setting channel="1" controller="38" command_string="ResetSaturationAdjustment"/>
  <setting channel="1" controller="36" command_string="ResetAll"/>
  <setting channel="1" controller="34" command_string="Preset_2"/>
  <setting channel="1" controller="32" command_string="ConvertToGrayscale"/>
  <setting channel="1" controller="31" command_string="AutoTone"/>
  <setting channel="1" controller="3" command_string="WhiteBalanceDaylight"/>
  <setting channel="1" controller="29" command_string="Saturation"/>
  <setting channel="1" controller="27" command_string="Vibrance"/>
  <setting channel="1" controller="26" command_string="ResetClarity"/>
  <setting channel="1" controller="25" command_string="Clarity"/>
  <setting channel="1" controller="24" command_string="ResetBlacks"/>
  <setting channel="1" controller="23" command_string="Blacks"/>
  <setting channel="1" controller="22" command_string="ResetWhites"/>
  <setting channel="1" controller="21" command_string="Whites"/>
  <setting channel="1" controller="20" command_string="ResetShadows"/>
  <setting channel="1" controller="2" command_string="WhiteBalanceAuto"/>
  <setting channel="1" controller="19" command_string="Shadows"/>
  <setting channel="1" controller="18" command_string="ResetHighlights"/>
  <setting channel="1" controller="17" command_string="Highlights"/>
  <setting channel="1" controller="16" command_string="ResetContrast"/>
  <setting channel="1" controller="11" command_string="Tint"/>
  <setting channel="10" controller="3" command_string="UprightGuided"/>
</settings>
