<?xml version="1.0" encoding="UTF-8"?>

<settings>
  <setting channel="11" controller="63" command_string="profile1"/>
  <setting channel="11" controller="31" command_string="Key8"/>
  <setting channel="11" controller="15" command_string="ResetWhites"/>
  <setting channel="11" controller="13" command_string="ResetShadows"/>
  <setting channel="11" controller="61" command_string="ToggleGreen"/>
  <setting channel="11" controller="29" command_string="ResetAll"/>
  <setting channel="11" controller="3" command_string="Blacks"/>
  <setting channel="11" controller="51" command_string="IncreaseRating"/>
  <setting channel="11" controller="19" command_string="Key4"/>
  <setting channel="11" controller="11" command_string="ResetContrast"/>
  <setting channel="11" controller="59" command_string="ToggleRed"/>
  <setting channel="11" controller="27" command_string="Undo"/>
  <setting channel="11" controller="12" command_string="ResetBlacks"/>
  <setting channel="11" controller="60" command_string="ToggleYellow"/>
  <setting channel="11" controller="28" command_string="CropOverlay"/>
  <setting channel="11" controller="14" command_string="ResetHighlights"/>
  <setting channel="11" controller="62" command_string="ToggleBlue"/>
  <setting channel="11" controller="30" command_string="ResetAll"/>
  <setting channel="11" controller="52" command_string="DecreaseRating"/>
  <setting channel="11" controller="4" command_string="Shadows"/>
  <setting channel="11" controller="20" command_string="CopySettings"/>
  <setting channel="11" controller="53" command_string="Pick"/>
  <setting channel="11" controller="5" command_string="Highlights"/>
  <setting channel="11" controller="21" command_string="PasteSettings"/>
  <setting channel="11" controller="22" command_string="Key6"/>
  <setting channel="11" controller="54" command_string="RemoveFlag"/>
  <setting channel="11" controller="6" command_string="Whites"/>
  <setting channel="11" controller="23" command_string="Key7"/>
  <setting channel="11" controller="7" command_string="Clarity"/>
  <setting channel="11" controller="56" command_string="Key2"/>
  <setting channel="11" controller="8" command_string="straightenAngle"/>
  <setting channel="11" controller="24" command_string="Select1Left"/>
  <setting channel="11" controller="57" command_string="Prev"/>
  <setting channel="11" controller="9" command_string="Unmapped"/>
  <setting channel="11" controller="25" command_string="Select1Right"/>
  <setting channel="11" controller="10" command_string="ResetExposure"/>
  <setting channel="11" controller="26" command_string="Key9"/>
  <setting channel="11" controller="58" command_string="Next"/>
  <setting channel="11" controller="18" command_string="Key3"/>
  <setting channel="11" controller="2" command_string="Contrast"/>
  <setting channel="11" controller="34" command_string="Unmapped"/>
  <setting channel="11" controller="17" command_string="ResetstraightenAngle"/>
  <setting channel="11" controller="33" command_string="Next"/>
  <setting channel="11" controller="1" command_string="Exposure"/>
  <setting channel="11" controller="16" command_string="ResetClarity"/>
  <setting channel="11" controller="32" command_string="Prev"/>
  <setting channel="11" controller="64" command_string="profile2"/>
  <setting channel="11" controller="65" command_string="profile3"/>
  <setting channel="11" controller="66" command_string="profile4"/>
  <setting channel="11" controller="55" command_string="Key1"/>
  <setting channel="10" controller="24" command_string="Unmapped"/>
  <setting channel="10" controller="25" command_string="Unmapped"/>
  <setting channel="10" controller="32" command_string="Unmapped"/>
  <setting channel="10" controller="33" command_string="Unmapped"/>
  <setting channel="10" controller="9" command_string="Unmapped"/>
  <setting channel="10" controller="35" command_string="Unmapped"/>
  <setting channel="10" controller="36" command_string="Unmapped"/>
  <setting channel="10" controller="37" command_string="Unmapped"/>
  <setting channel="10" controller="38" command_string="Unmapped"/>
  <setting channel="10" controller="39" command_string="Unmapped"/>
  <setting channel="10" controller="40" command_string="Unmapped"/>
  <setting channel="10" controller="41" command_string="Unmapped"/>
  <setting channel="10" controller="42" command_string="Unmapped"/>
  <setting channel="10" controller="65" command_string="Unmapped"/>
  <setting channel="10" controller="66" command_string="Unmapped"/>
  <setting channel="10" controller="58" command_string="Unmapped"/>
  <setting channel="10" controller="57" command_string="Unmapped"/>
  <setting channel="10" controller="34" command_string="Unmapped"/>
  <setting channel="10" controller="1" command_string="PostCropVignetteAmount"/>
  <setting channel="10" controller="2" command_string="PostCropVignetteMidpoint"/>
  <setting channel="10" controller="3" command_string="PostCropVignetteFeather"/>
  <setting channel="10" controller="4" command_string="GrainAmount"/>
  <setting channel="10" controller="5" command_string="GrainSize"/>
  <setting channel="10" controller="6" command_string="GrainFrequency"/>
  <setting channel="10" controller="10" command_string="ResetPostCropVignetteAmount"/>
  <setting channel="10" controller="11" command_string="ResetPostCropVignetteMidpoint"/>
  <setting channel="10" controller="12" command_string="ResetPostCropVignetteFeather"/>
  <setting channel="10" controller="13" command_string="ResetGrainAmount"/>
  <setting channel="10" controller="14" command_string="ResetGrainSize"/>
  <setting channel="10" controller="15" command_string="ResetGrainFrequency"/>
  <setting channel="10" controller="16" command_string="Preset_1"/>
  <setting channel="10" controller="17" command_string="Preset_2"/>
  <setting channel="10" controller="7" command_string="Dehaze"/>
  <setting channel="10" controller="8" command_string="LensProfileVignettingScale"/>
  <setting channel="10" controller="18" command_string="Preset_3"/>
  <setting channel="10" controller="31" command_string="Preset_11"/>
  <setting channel="10" controller="19" command_string="Preset_4"/>
  <setting channel="10" controller="20" command_string="Preset_5"/>
  <setting channel="10" controller="21" command_string="Preset_12"/>
  <setting channel="10" controller="22" command_string="Preset_13"/>
  <setting channel="10" controller="23" command_string="Preset_14"/>
  <setting channel="10" controller="26" command_string="Preset_6"/>
  <setting channel="10" controller="27" command_string="Preset_7"/>
  <setting channel="10" controller="28" command_string="Preset_8"/>
  <setting channel="10" controller="29" command_string="Preset_9"/>
  <setting channel="10" controller="30" command_string="Preset_10"/>
  <setting channel="10" controller="59" command_string="Preset_15"/>
  <setting channel="10" controller="60" command_string="Preset_16"/>
  <setting channel="10" controller="61" command_string="Preset_17"/>
  <setting channel="10" controller="62" command_string="Preset_18"/>
  <setting channel="10" controller="63" command_string="Preset_19"/>
  <setting channel="10" controller="64" command_string="Preset_20"/>
  <setting channel="10" controller="51" command_string="Preset_21"/>
  <setting channel="10" controller="52" command_string="Preset_22"/>
  <setting channel="10" controller="53" command_string="Preset_23"/>
  <setting channel="10" controller="54" command_string="Preset_24"/>
  <setting channel="10" controller="55" command_string="Preset_25"/>
  <setting channel="10" controller="56" command_string="Preset_26"/>
  <setting channel="11" controller="35" command_string="LuminanceAdjustmentRed"/>
  <setting channel="11" controller="36" command_string="LuminanceAdjustmentOrange"/>
  <setting channel="11" controller="37" command_string="LuminanceAdjustmentYellow"/>
  <setting channel="11" controller="38" command_string="LuminanceAdjustmentGreen"/>
  <setting channel="11" controller="39" command_string="LuminanceAdjustmentAqua"/>
  <setting channel="11" controller="40" command_string="LuminanceAdjustmentBlue"/>
  <setting channel="11" controller="41" command_string="LuminanceAdjustmentPurple"/>
  <setting channel="11" controller="42" command_string="LuminanceAdjustmentMagenta"/>
  <setting channel="11" controller="43" command_string="ResetLuminanceAdjustmentRed"/>
  <setting channel="11" controller="44" command_string="ResetLuminanceAdjustmentOrange"/>
  <setting channel="11" controller="45" command_string="ResetLuminanceAdjustmentYellow"/>
  <setting channel="11" controller="46" command_string="ResetLuminanceAdjustmentGreen"/>
  <setting channel="11" controller="47" command_string="ResetLuminanceAdjustmentAqua"/>
  <setting channel="11" controller="48" command_string="ResetLuminanceAdjustmentBlue"/>
  <setting channel="11" controller="49" command_string="ResetLuminanceAdjustmentPurple"/>
  <setting channel="11" controller="50" command_string="ResetLuminanceAdjustmentMagenta"/>
</settings>
