<?xml version="1.0" encoding="UTF-8"?>

<settings>
  <setting channel="1" NRPN="False" Relative="False" controller="49" command_string="ResetHueAdjustmentRed"/>
  <setting channel="1" NRPN="False" Relative="False" controller="17" command_string="HueAdjustmentRed"/>
  <setting channel="1" NRPN="False" Relative="False" controller="81" command_string="Exposure"/>
  <setting channel="1" NRPN="False" Relative="False" controller="50" command_string="ResetHueAdjustmentOrange"/>
  <setting channel="1" NRPN="False" Relative="False" controller="18" command_string="HueAdjustmentOrange"/>
  <setting channel="1" NRPN="False" Relative="False" controller="82" command_string="Contrast"/>
  <setting channel="1" NRPN="False" Relative="False" controller="51" command_string="ResetHueAdjustmentYellow"/>
  <setting channel="1" NRPN="False" Relative="False" controller="19" command_string="HueAdjustmentYellow"/>
  <setting channel="1" NRPN="False" Relative="False" controller="83" command_string="Highlights"/>
  <setting channel="1" NRPN="False" Relative="False" controller="52" command_string="ResetHueAdjustmentGreen"/>
  <setting channel="1" NRPN="False" Relative="False" controller="20" command_string="HueAdjustmentGreen"/>
  <setting channel="1" NRPN="False" Relative="False" controller="84" command_string="Shadows"/>
  <setting channel="1" NRPN="False" Relative="False" controller="53" command_string="ResetHueAdjustmentAqua"/>
  <setting channel="1" NRPN="False" Relative="False" controller="21" command_string="HueAdjustmentAqua"/>
  <setting channel="1" NRPN="False" Relative="False" controller="85" command_string="Whites"/>
  <setting channel="1" NRPN="False" Relative="False" controller="54" command_string="ResetHueAdjustmentBlue"/>
  <setting channel="1" NRPN="False" Relative="False" controller="22" command_string="HueAdjustmentBlue"/>
  <setting channel="1" NRPN="False" Relative="False" controller="86" command_string="Blacks"/>
  <setting channel="1" NRPN="False" Relative="False" controller="55" command_string="ResetHueAdjustmentPurple"/>
  <setting channel="1" NRPN="False" Relative="False" controller="23" command_string="HueAdjustmentPurple"/>
  <setting channel="1" NRPN="False" Relative="False" controller="87" command_string="Clarity"/>
  <setting channel="1" NRPN="False" Relative="False" controller="56" command_string="ResetHueAdjustmentMagenta"/>
  <setting channel="1" NRPN="False" Relative="False" controller="24" command_string="HueAdjustmentMagenta"/>
  <setting channel="1" NRPN="False" Relative="False" controller="88" command_string="Vibrance"/>
  <setting channel="1" NRPN="False" Relative="False" controller="41" command_string="ResetSaturationAdjustmentRed"/>
  <setting channel="1" NRPN="False" Relative="False" controller="9" command_string="SaturationAdjustmentRed"/>
  <setting channel="1" NRPN="False" Relative="False" controller="73" command_string="ResetExposure"/>
  <setting channel="1" NRPN="False" Relative="False" controller="42" command_string="ResetSaturationAdjustmentOrange"/>
  <setting channel="1" NRPN="False" Relative="False" controller="10" command_string="SaturationAdjustmentOrange"/>
  <setting channel="1" NRPN="False" Relative="False" controller="74" command_string="ResetContrast"/>
  <setting channel="1" NRPN="False" Relative="False" controller="43" command_string="ResetSaturationAdjustmentYellow"/>
  <setting channel="1" NRPN="False" Relative="False" controller="11" command_string="SaturationAdjustmentYellow"/>
  <setting channel="1" NRPN="False" Relative="False" controller="75" command_string="ResetHighlights"/>
  <setting channel="1" NRPN="False" Relative="False" controller="44" command_string="ResetSaturationAdjustmentGreen"/>
  <setting channel="1" NRPN="False" Relative="False" controller="12" command_string="SaturationAdjustmentGreen"/>
  <setting channel="1" NRPN="False" Relative="False" controller="76" command_string="ResetShadows"/>
  <setting channel="1" NRPN="False" Relative="False" controller="45" command_string="ResetSaturationAdjustmentAqua"/>
  <setting channel="1" NRPN="False" Relative="False" controller="13" command_string="SaturationAdjustmentAqua"/>
  <setting channel="1" NRPN="False" Relative="False" controller="77" command_string="ResetWhites"/>
  <setting channel="1" NRPN="False" Relative="False" controller="46" command_string="ResetSaturationAdjustmentBlue"/>
  <setting channel="1" NRPN="False" Relative="False" controller="14" command_string="SaturationAdjustmentBlue"/>
  <setting channel="1" NRPN="False" Relative="False" controller="78" command_string="ResetBlacks"/>
  <setting channel="1" NRPN="False" Relative="False" controller="47" command_string="ResetSaturationAdjustmentPurple"/>
  <setting channel="1" NRPN="False" Relative="False" controller="15" command_string="SaturationAdjustmentPurple"/>
  <setting channel="1" NRPN="False" Relative="False" controller="79" command_string="ResetClarity"/>
  <setting channel="1" NRPN="False" Relative="False" controller="48" command_string="ResetSaturationAdjustmentMagenta"/>
  <setting channel="1" NRPN="False" Relative="False" controller="16" command_string="SaturationAdjustmentMagenta"/>
  <setting channel="1" NRPN="False" Relative="False" controller="80" command_string="ResetVibrance"/>
  <setting channel="1" NRPN="False" Relative="False" controller="33" command_string="ResetDehaze"/>
  <setting channel="1" NRPN="False" Relative="False" controller="1" command_string="Dehaze"/>
  <setting channel="1" NRPN="False" Relative="False" controller="34" command_string="ResetPerspectiveVertical"/>
  <setting channel="1" NRPN="False" Relative="False" controller="2" command_string="PerspectiveVertical"/>
  <setting channel="1" NRPN="False" Relative="False" controller="35" command_string="ResetPerspectiveHorizontal"/>
  <setting channel="1" NRPN="False" Relative="False" controller="3" command_string="PerspectiveHorizontal"/>
  <setting channel="1" NRPN="False" Relative="False" controller="36" command_string="ResetPerspectiveRotate"/>
  <setting channel="1" NRPN="False" Relative="False" controller="4" command_string="PerspectiveRotate"/>
  <setting channel="1" NRPN="False" Relative="False" controller="25" command_string="LuminanceAdjustmentRed"/>
  <setting channel="1" NRPN="False" Relative="False" controller="26" command_string="LuminanceAdjustmentOrange"/>
  <setting channel="1" NRPN="False" Relative="False" controller="27" command_string="LuminanceAdjustmentYellow"/>
  <setting channel="1" NRPN="False" Relative="False" controller="28" command_string="LuminanceAdjustmentGreen"/>
  <setting channel="1" NRPN="False" Relative="False" controller="29" command_string="LuminanceAdjustmentAqua"/>
  <setting channel="1" NRPN="False" Relative="False" controller="30" command_string="LuminanceAdjustmentBlue"/>
  <setting channel="1" NRPN="False" Relative="False" controller="31" command_string="LuminanceAdjustmentPurple"/>
  <setting channel="1" NRPN="False" Relative="False" controller="32" command_string="LuminanceAdjustmentMagenta"/>
  <setting channel="1" NRPN="False" Relative="False" controller="57" command_string="ResetLuminanceAdjustmentRed"/>
  <setting channel="1" NRPN="False" Relative="False" controller="58" command_string="ResetLuminanceAdjustmentOrange"/>
  <setting channel="1" NRPN="False" Relative="False" controller="59" command_string="ResetLuminanceAdjustmentYellow"/>
  <setting channel="1" NRPN="False" Relative="False" controller="60" command_string="ResetLuminanceAdjustmentGreen"/>
  <setting channel="1" NRPN="False" Relative="False" controller="61" command_string="ResetLuminanceAdjustmentAqua"/>
  <setting channel="1" NRPN="False" Relative="False" controller="62" command_string="ResetLuminanceAdjustmentBlue"/>
  <setting channel="1" NRPN="False" Relative="False" controller="63" command_string="ResetLuminanceAdjustmentPurple"/>
  <setting channel="1" NRPN="False" Relative="False" controller="64" command_string="ResetLuminanceAdjustmentMagenta"/>
  <setting channel="1" NRPN="False" Relative="False" controller="5" command_string="VignetteAmount"/>
  <setting channel="1" NRPN="False" Relative="False" controller="6" command_string="VignetteMidpoint"/>
  <setting channel="1" NRPN="False" Relative="False" controller="37" command_string="ResetVignetteAmount"/>
  <setting channel="1" NRPN="False" Relative="False" controller="38" command_string="ResetVignetteMidpoint"/>
  <setting channel="1" NRPN="False" Relative="False" controller="7" command_string="Temperature"/>
  <setting channel="1" NRPN="False" Relative="False" controller="8" command_string="Tint"/>
  <setting channel="1" NRPN="False" Relative="False" controller="39" command_string="ResetTemperature"/>
  <setting channel="1" NRPN="False" Relative="False" controller="40" command_string="ResetTint"/>
  <setting channel="1" NRPN="False" Relative="False" controller="65" command_string="UprightAuto"/>
  <setting channel="1" NRPN="False" Relative="False" controller="66" command_string="UprightLevel"/>
  <setting channel="1" NRPN="False" Relative="False" controller="67" command_string="UprightVertical"/>
  <setting channel="1" NRPN="False" Relative="False" controller="68" command_string="UprightFull"/>
  <setting channel="1" NRPN="False" Relative="False" controller="69" command_string="UprightOff"/>
  <setting channel="1" NRPN="False" Relative="False" controller="70" command_string="ZoomInLargeStep"/>
  <setting channel="1" NRPN="False" Relative="False" controller="71" command_string="ZoomOutLargeStep"/>
  <setting channel="1" NRPN="False" Relative="False" controller="72" command_string="ToggleZoomOffOn"/>
  <setting channel="1" NRPN="False" Relative="False" controller="91" command_string="Prev"/>
  <setting channel="1" NRPN="False" Relative="False" controller="92" command_string="Next"/>
  <setting channel="1" NRPN="False" Relative="False" controller="89" command_string="Pick"/>
  <setting channel="1" NRPN="False" Relative="False" controller="90" command_string="Reject"/>
  <setting channel="1" NRPN="False" Relative="False" controller="95" command_string="Loupe"/>
  <setting channel="1" NRPN="False" Relative="False" controller="96" command_string="CropOverlay"/>
  <setting channel="1" NRPN="False" Relative="False" controller="97" command_string="RedEye"/>
  <setting channel="1" NRPN="False" Relative="False" controller="102" command_string="GraduatedFilter"/>
</settings>
